username,email,firstName,lastName,locale,type,active,streetAddress,locality,region,postalCode,countryCode
ysullivan,wcastro@yahoo.com,Jason,Green,en-US,contractor,False,778 Brown Plaza,North Jenniferfurt,WY,88077,YE
jane13,turnerkelly@gmail.com,Samantha,Cook,zh-CN,employee,False,398 Wallace Ranch Suite 593,Ivanburgh,RI,86570,IL
sandrakirby,shannon51@yahoo.com,Michael,Anderson,es-ES,employee,True,9533 Jessica Crescent,West Laura,NE,08652,BZ
johnsoncynthia,qoliver@gmail.com,Colleen,Montoya,zh-CN,partner,True,456 Bruce Mountain,New Craigfurt,KS,47497,ES
tammybrown,paul42@hotmail.com,Thomas,Jackson,fr-FR,contractor,False,1508 Taylor Track,Bellport,MI,77869,ZW
smithjames,jacqueline78@yahoo.com,Jasmine,Perry,fr-FR,partner,False,75470 Lopez Roads,Port Jessicatown,TX,55221,KW
leecharlene,harrisjordan@yahoo.com,Michelle,Smith,en-US,partner,False,977 Watson Plain,East Nicholas,AL,18648,CZ
kimberly00,turnermary@yahoo.com,Richard,Higgins,fr-FR,employee,True,87755 Timothy Squares,Simmonsport,WA,90561,DE
joneschristopher,ryanhoward@gmail.com,Jaime,Villegas,en-US,contractor,False,731 Sanders Fords,Port Jasonberg,ID,60585,MT
zhernandez,nancymorrison@gmail.com,Christian,Hinton,es-ES,contractor,True,471 Zachary Canyon Apt. 320,Alexismouth,GA,20007,TD
gregorylinda,yangkevin@hotmail.com,Mr.,Shaw,pt-BR,partner,False,74466 Brown Row Apt. 345,North Timothyberg,PA,94504,BR
dhughes,vmendez@hotmail.com,Heather,Johnson,pt-BR,partner,True,64183 Kimberly Mills Suite 375,North Rachelton,KS,03994,SK
hhunter,chad50@yahoo.com,Paula,Wilkerson,en-US,employee,True,35192 Aaron Shoals,Lake Adrianstad,AK,79779,HT
david35,kellybarnes@gmail.com,Ashley,Cooper,en-US,contractor,False,1126 Pierce Streets,New Robert,MI,11583,HU
aortiz,ldavis@gmail.com,Mark,Rice,es-ES,partner,True,927 Lopez Manor,Thompsonmouth,NC,19187,MH
aaron79,bramirez@gmail.com,Brandon,Fischer,pt-BR,partner,False,46896 Garcia Glen,Justinborough,CO,05147,BN
pamelagill,jamesbrittany@gmail.com,Gerald,Moreno,pt-BR,partner,True,7637 Neal Island Suite 074,Lake Tyler,RI,28775,AR
mcdanielchristopher,keymorgan@hotmail.com,Stephen,Smith,zh-CN,contractor,True,94316 Moran Lights,West Robert,TX,57552,CY
reneewallace,jesseevans@gmail.com,Charles,Stewart,fr-FR,contractor,False,6708 Carpenter Overpass Suite 735,Bobbyton,MI,01008,JP
ogrant,maryking@hotmail.com,Rachel,Becker,zh-CN,employee,True,8647 Wiggins Garden Apt. 481,South Tylermouth,MT,65195,PK
robertcalhoun,chelsea34@yahoo.com,Brad,Garcia,zh-CN,partner,True,443 David Tunnel Apt. 263,West Nichole,AL,97746,SO
maddoxannette,nataliemoore@gmail.com,Bryan,Brewer,es-ES,contractor,True,37933 Lisa Trace,Gomezshire,SC,65835,CD
benjaminangela,matthewalexander@hotmail.com,Heather,Bryant,en-US,contractor,True,5240 Berry Centers,West Andrew,AR,03720,GY
cooperelizabeth,kmalone@gmail.com,Theresa,Murphy,pt-BR,employee,True,08298 Christopher Freeway Apt. 302,Lake Christian,PA,14087,VN
linda60,hsmith@yahoo.com,Lucas,Williams,zh-CN,employee,False,89840 Foster Crest Suite 570,West Jodyton,TX,89681,TT
qgood,mpatton@yahoo.com,Philip,MD,es-ES,contractor,False,90725 Stacy Neck,Julieborough,OH,56059,IT
davidcrystal,meganbrady@gmail.com,Amy,Fowler,fr-FR,contractor,True,7086 Rachel Lake Apt. 357,Lake Jillshire,IA,36476,ER
zshields,farmerjames@yahoo.com,Jerome,Manning,pt-BR,employee,True,609 Gomez Port Apt. 945,South Thomashaven,AZ,11181,TM
bwilliams,blairapril@hotmail.com,Benjamin,Love,en-US,partner,False,59118 Lisa Flats Suite 544,Lutzberg,NV,72947,DE
lisa13,pattersonmichael@yahoo.com,Cassandra,Hunt,pt-BR,contractor,True,512 Schaefer Falls Apt. 059,North Robert,UT,41297,MW
russellscott,pgilbert@gmail.com,Rebecca,Jackson,en-US,contractor,False,771 Amanda Locks Suite 081,West Michaelville,AZ,20721,SI
ethanmaxwell,kford@gmail.com,Aaron,Morgan,en-US,contractor,True,90622 Anthony Islands,North Brandonville,RI,19859,DE
jennifer25,whitney85@hotmail.com,Jason,Bradley,es-ES,contractor,True,40956 Amanda Walk Apt. 260,Simonfurt,CT,93980,PK
kathleen15,michaelanderson@hotmail.com,Gilbert,Jenkins,fr-FR,contractor,True,69671 Kimberly Plains,East Eric,IN,04396,SL
jennifer51,vegaeric@gmail.com,Heather,Macias,zh-CN,employee,True,399 Joseph Street,South Christopher,AL,15626,ML
elizabeth32,samanthajackson@yahoo.com,Michael,Wood,fr-FR,employee,True,1965 William Motorway,South Christineview,NY,64762,TG
kevinlynch,hhall@yahoo.com,Christopher,Weaver,fr-FR,partner,True,20298 Adrian Wall Suite 897,South Anitamouth,CT,90382,AF
albertkelly,xperez@yahoo.com,Sara,Collins,fr-FR,partner,False,43754 Salazar Village,South Michaelfort,SD,93470,MR
michelle74,fshaw@gmail.com,Ian,Morales,zh-CN,partner,False,75636 Barbara Canyon,Davisborough,MD,23906,CG
smithamanda,wclark@gmail.com,Helen,Hall,pt-BR,contractor,False,95557 Caitlin Course Suite 114,Lake Donaldberg,IL,75628,KM
steelethomas,griffinpamela@hotmail.com,Jordan,Martinez,zh-CN,partner,False,63477 Jeremy Haven Suite 792,East Kevinhaven,TX,16590,BH
katiemcdonald,carlyjohnson@yahoo.com,Felicia,Howell,zh-CN,employee,False,300 Dennis Mills Apt. 186,Nicolemouth,TX,25685,DK
ubranch,cynthiayu@hotmail.com,Herbert,Kim,pt-BR,partner,True,6881 Cassidy Street Suite 036,Larrytown,IA,80961,AT
natalie36,kathleenmcclure@gmail.com,David,Watkins,es-ES,partner,False,04461 Carter Ridges Apt. 880,Zacharytown,NM,03378,DZ
wmoses,heatherhayden@yahoo.com,Gregory,Carney,fr-FR,partner,False,2458 Jason Village Suite 248,North Donnamouth,VT,42872,AU
tiffany88,charles55@hotmail.com,Ebony,Wilson,zh-CN,partner,True,38249 Kristi Manor Suite 934,Reneeside,NV,93334,CM
preyes,martinolivia@hotmail.com,Joseph,Hall,en-US,contractor,True,23422 Stephens Falls,Port Lori,VT,21058,HN
alexandriaschroeder,melissapatel@gmail.com,Lauren,Jackson,es-ES,contractor,True,674 Dudley Shore,Scottland,WV,21173,TZ
dixoncarl,tmorgan@yahoo.com,Shannon,Gill,zh-CN,employee,True,5596 Riley Square Suite 933,Robinsonhaven,NY,18885,UG
clarkejames,smithsabrina@gmail.com,David,Turner,en-US,partner,True,67551 Casey Squares Apt. 209,Michaelborough,MS,26297,LB
owillis,jennifermorgan@gmail.com,Kathleen,Hernandez,es-ES,employee,True,7954 Stephen Throughway Apt. 184,Franklinchester,GA,80124,NL
silvadaniel,edwardslori@gmail.com,Robin,Schroeder,zh-CN,partner,False,930 Robert Burgs Apt. 962,Richardside,WA,58918,SR
mariahray,millerjamie@yahoo.com,Stephanie,Newman,en-US,partner,False,8811 Gonzales Trail Suite 878,Stonebury,SD,52878,SE
hnewman,wrightchase@gmail.com,Benjamin,Moore,fr-FR,contractor,True,380 Terri Port Suite 052,Josephfort,MT,00671,KH
frances20,williammyers@yahoo.com,Karen,Swanson,zh-CN,partner,False,34389 Dunlap Freeway Suite 925,East Megan,OH,23173,SO
carolinejacobs,suemunoz@gmail.com,Jillian,Harris,en-US,employee,False,48476 Allison Summit Suite 010,Tonyaview,VA,73741,OM
jeffrey11,williamscody@hotmail.com,Jason,Hendricks,zh-CN,contractor,True,629 Joshua Estate,New Stephanie,DC,30426,IL
christianvillanueva,adamthomas@gmail.com,Charles,Jensen,fr-FR,contractor,False,2278 Wesley Forges,South Leslie,NV,30836,CF
michael94,ymccann@hotmail.com,Colin,Bailey,zh-CN,employee,True,6828 Diana Inlet Suite 896,South James,CT,70664,MZ
harrisjohn,qhancock@hotmail.com,Julie,Valdez,en-US,employee,False,905 Baird Turnpike Apt. 037,New Evelyn,AL,19289,GW
philip41,frances15@gmail.com,Larry,Huff,fr-FR,contractor,False,666 Douglas Club Suite 283,Bellshire,OK,56782,IN
cgiles,omartin@gmail.com,Brooke,Alexander,es-ES,partner,False,3032 Michelle Drives,North Daniel,KY,82153,PT
mariahayes,jlane@gmail.com,William,Erickson,es-ES,partner,False,986 Kenneth Mills Suite 344,West Dustintown,SD,59129,BF
ethansmith,sandovalryan@yahoo.com,Raymond,Mcdonald,es-ES,contractor,True,6213 Juarez Mountains,Thompsonstad,NE,54258,MM
ppena,shaun33@yahoo.com,Kristin,MD,pt-BR,employee,True,8276 Dakota Coves Suite 348,New Kimberlyland,ND,81308,JO
dmartin,pperez@hotmail.com,Sara,Sutton,zh-CN,contractor,True,60969 Justin Passage Suite 774,Joshuaburgh,IN,61092,LI
emma01,qbraun@gmail.com,Lisa,David,es-ES,employee,True,431 Johnson Neck Suite 039,Mariechester,VT,67849,ME
pjames,terry54@yahoo.com,Andrew,Reed,en-US,partner,False,0677 Jones Forks,Jerrytown,MA,20947,EG
perezveronica,rjohnson@yahoo.com,Reginald,Thompson,es-ES,partner,True,04374 Nicholas Cliff Suite 001,Adrianport,AL,04838,VU
richardsandrew,taylornathan@yahoo.com,Linda,Jackson,en-US,partner,True,80831 Kemp Pines,Annashire,MO,40702,GY
jill58,samanthabell@hotmail.com,Jennifer,Waters,zh-CN,employee,True,187 Cynthia Islands,Lake Darrell,UT,32346,MH
cgrant,jeremy24@yahoo.com,Tyler,Hampton,fr-FR,partner,True,73999 Ricky Via,West Adamburgh,HI,53524,HT
shawnpayne,ericpatterson@yahoo.com,Amanda,Daniels,zh-CN,employee,False,1290 Bartlett Summit,North Wendy,HI,52658,IE
kingleslie,wvaughan@hotmail.com,Nicholas,Henry,en-US,partner,False,792 Catherine Fords Suite 613,East Kristinamouth,DC,65657,KW
travis83,taylorsteven@gmail.com,William,Burns,es-ES,employee,False,45275 Mark Courts Apt. 449,Henrytown,WV,62767,NA
freynolds,tdaugherty@yahoo.com,Brandon,Bond,zh-CN,contractor,False,2189 Daniel Extensions,Lake Leslieview,TN,93999,CI
lopezdebra,jasminebrown@gmail.com,Olivia,Collins,pt-BR,contractor,False,9141 Jay Summit,Meganfurt,HI,70108,PG
lgreen,ilamb@yahoo.com,Mark,Lucas,pt-BR,contractor,True,31276 Michael Fork Apt. 523,New Amy,NM,45520,TZ
andrew92,yolandabraun@gmail.com,William,Humphrey,en-US,employee,False,720 Anna Brook,Port Monica,MD,41373,TL
patriciaward,apeterson@yahoo.com,Megan,Chang,fr-FR,partner,True,478 Morales Isle Suite 403,Mullinsfurt,WA,97462,KZ
claudiaschaefer,clarkejennifer@hotmail.com,Cassidy,Lee,es-ES,employee,False,355 Cody Overpass,West Ashley,IL,80092,GR
curryjacob,matthewwilkerson@yahoo.com,Brandon,Barnes,pt-BR,contractor,False,1797 Sanchez Well,West Martinland,KY,60558,AF
erin71,robertjohnson@gmail.com,Morgan,Cooke,zh-CN,contractor,False,68782 Underwood Junction,Lake Sarah,OR,22589,BS
anthonyvincent,lauren24@gmail.com,Christina,Fritz,fr-FR,partner,True,6244 Michelle Burgs,Port Jacobfurt,CO,10576,GD
mejialisa,bailey91@gmail.com,Cindy,Newton,en-US,employee,True,548 Beverly Bridge,Gomezmouth,WI,45848,BZ
osmith,glennralph@yahoo.com,Harold,Cummings,fr-FR,partner,False,56838 Carlson Springs Apt. 678,Port Mariamouth,VA,24623,TN
mark42,jasonross@gmail.com,Christina,Carter,es-ES,contractor,True,122 Johnson Crescent,New Tabitha,RI,24054,ST
robertsonjennifer,johnrivas@gmail.com,Ralph,Richardson,fr-FR,employee,False,84256 Natalie Skyway Apt. 861,Lindaborough,ME,97031,BS
dylanmartinez,william17@yahoo.com,Jennifer,Tran,pt-BR,employee,True,9472 Williams Spurs Apt. 792,Port Danielfurt,LA,82522,CD
knightrichard,curtisedwards@gmail.com,Travis,Estes,pt-BR,partner,False,789 Mitchell Ridges,East Blakefurt,NY,93647,LV
prattshannon,zharris@hotmail.com,Sue,PhD,zh-CN,partner,True,9081 Johnson Divide Apt. 208,Tamarastad,OK,11361,GR
brownjoshua,michellejackson@hotmail.com,Mark,Fuller,en-US,contractor,False,0337 Collins Turnpike,Jillside,SD,92075,SB
taylorbob,sarabaker@hotmail.com,Natalie,Mccarty,zh-CN,partner,True,9484 Griffin Radial,Marcusland,NE,45181,CH
marissa18,sierramorales@yahoo.com,Sarah,Forbes,es-ES,partner,False,0999 Rodriguez Square Apt. 267,Lisaview,TX,98607,GN
millergloria,sandy95@gmail.com,Jordan,Green,zh-CN,employee,True,79259 Neal Overpass Apt. 723,Tammyville,SD,06748,MU
nguyenerika,matthew08@gmail.com,Matthew,George,fr-FR,contractor,False,650 Jennifer Crescent,North Lori,MD,20121,VC
cbaker,christianhernandez@gmail.com,Kimberly,Hamilton,zh-CN,employee,True,54590 Brianna Branch Suite 551,Michaelchester,MN,75887,ID
floresbrandi,matthewtownsend@yahoo.com,Kelly,Burke,en-US,contractor,False,5263 Eric Mount Suite 930,Derekmouth,OK,12916,BF
richardharding,andrew75@yahoo.com,Michael,Jordan,es-ES,partner,True,9072 Clark Bridge,Cindybury,AL,29425,UZ
kellivalenzuela,tylerdavid@gmail.com,David,Valentine,pt-BR,contractor,True,84614 Martin Throughway Apt. 422,Jasonshire,GA,08363,CA
daniel45,pamela20@gmail.com,Mrs.,MD,pt-BR,partner,True,0558 Ryan Station Apt. 198,East Marcus,MO,19416,BB
phudson,alexanderboyd@yahoo.com,Mallory,Clark,en-US,contractor,False,195 Bright Pass,South Beth,AR,74710,HR
murphydanny,mcdonaldamy@gmail.com,Margaret,Casey,zh-CN,employee,False,91524 Shane Flats,Greenfort,NV,88198,DJ
ujackson,armstrongcolleen@gmail.com,Jennifer,Jordan,fr-FR,contractor,False,69475 Rachel Light,South Joshuaton,MA,06327,BH
mcdowellalicia,hharris@hotmail.com,Michael,Beck,zh-CN,employee,False,26713 Morgan Crest,South Monica,MT,34098,UZ
fmoore,matthewpetersen@hotmail.com,Kristen,Terry,pt-BR,contractor,False,644 Morris Island,Port Cody,ID,13814,HN
pcamacho,bcoleman@hotmail.com,Christopher,Lewis,es-ES,contractor,False,7990 Austin Ridges,East Rachel,MA,56235,CU
adamschristine,boydmichael@yahoo.com,Thomas,Wright,fr-FR,contractor,True,834 Brown Wall Suite 723,Port Amyville,IL,82912,LC
susan41,kevinclements@hotmail.com,David,Harper,pt-BR,contractor,True,09547 Ramirez Isle,Tinaland,NV,70849,CI
courtney48,cparrish@yahoo.com,Carly,DDS,es-ES,employee,False,2197 Sloan Ranch Apt. 803,Rojashaven,DC,73092,SR
brian54,kayla85@hotmail.com,Tammy,Peters,zh-CN,partner,False,3066 Rivera Fields,New Brenda,WY,64885,HU
millerjesse,jeffrey90@gmail.com,Sheila,Hayes,es-ES,employee,False,44101 Savage Park Apt. 786,Mcmahonberg,NC,60112,BN
christophersaunders,sharon91@hotmail.com,Michael,Mckay,zh-CN,partner,True,7572 Oneal Circles,Deborahborough,DC,87692,SL
edrake,daveshepard@gmail.com,Christopher,Smith,zh-CN,partner,True,04272 John Forges,North Lauriefort,FL,85172,BN
stephaniemorales,alexandra22@yahoo.com,Linda,Prince,en-US,employee,False,6684 Daniel Locks,Port Tammyburgh,AR,54041,TJ
joel00,mitchellsteven@gmail.com,Tara,Francis,es-ES,contractor,False,4991 Amy Land,Samanthaview,MN,07575,BI
taylormatthew,mcintyretammy@gmail.com,Willie,Cox,en-US,partner,True,9906 Leslie Manors Suite 325,Mckayside,LA,93628,MD
isaacwilliams,vickibyrd@hotmail.com,Andrea,Bennett,en-US,partner,True,8551 Sarah Squares,Lake Michael,IL,16529,LC
allenalvarez,sknapp@gmail.com,Anthony,Hale,en-US,contractor,False,8505 Christopher Oval Apt. 380,South Coryberg,NJ,75868,TN
berrysarah,roger00@hotmail.com,Aaron,Callahan,en-US,contractor,True,7399 Amanda Flats Suite 324,South Monica,CT,92325,IE
zhernandez,alexander63@hotmail.com,Luis,Wood,es-ES,contractor,False,651 Jamie Hills,East Kevinland,GA,31358,TR
johnmeyer,jacksonmorris@hotmail.com,Edward,Ochoa,fr-FR,partner,True,7629 Clark Track Suite 670,Patriciafort,SC,06920,LI
deckermichele,nduffy@yahoo.com,Mark,Leach,es-ES,partner,False,8839 Gina Parkways,Wilsonton,MD,45034,BF
harperterri,edward63@gmail.com,Raymond,Romero,en-US,employee,False,2749 Rebecca Court,Jefferyton,CO,59505,JP
amanda91,zrose@yahoo.com,Donald,Rhodes,en-US,partner,True,212 Jonathan Square,Lake William,VA,51572,TJ
mjohnson,abigail75@gmail.com,Patrick,Hale,es-ES,contractor,False,5728 Williams Mission,Port Margaret,ME,83955,SE
stevemartinez,hopkinsemily@hotmail.com,Andrea,Allen,pt-BR,partner,False,95092 Bates Falls Suite 736,Courtneyside,AL,49340,LU
russell73,nicholaswilson@yahoo.com,Jason,Yang,fr-FR,employee,True,701 James Cove,New Shellyland,CO,01738,EG
kylesandoval,lbrown@hotmail.com,Kevin,Durham,pt-BR,partner,False,1060 Jason Inlet,Lake Jamesshire,MS,57797,TL
travis59,karen65@hotmail.com,Michael,Jones,es-ES,contractor,False,50910 Jeffery Knoll,New Peterborough,HI,57958,PG
heatherroman,qstephenson@hotmail.com,Terry,Davis,zh-CN,partner,True,39833 Shawn Parks,Garciastad,ND,23780,AD
heathermclean,lesliemartin@yahoo.com,Kenneth,Anderson,pt-BR,partner,True,89649 Jeffrey Brook Suite 137,Brittanyport,VT,80845,MG
dhenson,rjohnson@hotmail.com,Adrian,Johnson,es-ES,contractor,True,649 John Keys Suite 263,Browntown,WI,79820,ST
qcardenas,qrobinson@gmail.com,Brittany,Galloway,pt-BR,employee,False,494 Jaclyn Isle Suite 467,Lake Chaseborough,HI,90239,GD
slucas,webbjennifer@yahoo.com,Jacqueline,Landry,fr-FR,employee,True,875 Martinez Plains Apt. 079,East Tamara,TX,05037,JM
abryant,christopherwilson@hotmail.com,Tracy,Reed,pt-BR,contractor,True,48103 Michael Way Apt. 553,Jameshaven,AR,88851,MT
noblebrenda,michelle35@gmail.com,Derrick,Sims,zh-CN,partner,True,22487 Griffin Fields,Jamiemouth,WY,21911,SG
deborah72,patricia10@yahoo.com,Jasmine,Esparza,zh-CN,employee,True,461 Russell Isle,Lake Samantha,IA,22023,UY
lisadavis,joshua23@gmail.com,James,Holloway,pt-BR,employee,True,833 Tiffany Passage Apt. 875,South Taylor,NV,72108,MV
uoliver,petersonkimberly@yahoo.com,Bryan,Luna,es-ES,partner,False,551 Reid Cliffs Suite 959,Kristenville,DE,90447,AM
millerdakota,gilmorekevin@yahoo.com,Holly,Beasley,es-ES,partner,False,858 Madeline Dam,Keithberg,KS,98177,RS
zrivera,crivers@hotmail.com,Michael,Carter,fr-FR,employee,False,99376 Hawkins Cape Apt. 496,East Wanda,RI,54886,UG
irwinadam,umartinez@gmail.com,Mary,Yang,pt-BR,contractor,True,4021 Benton Haven,South Diane,ID,85744,LK
sjohns,uneal@yahoo.com,Jennifer,Jimenez,fr-FR,partner,True,9574 Michelle Park Apt. 103,Jeremyhaven,VT,25482,SD
vharvey,andersoncarl@gmail.com,Robert,Ford,pt-BR,employee,False,26940 Garcia Rest,Port Jesustown,NV,35136,JP
daniel18,cturner@gmail.com,Kayla,Long,es-ES,employee,True,66315 Nicole Wall Apt. 810,Kellyborough,NE,14785,BD
patrick22,mforbes@yahoo.com,Eric,Price,en-US,employee,False,912 Jackson Shoals Suite 429,West Ryanchester,AL,65745,GA
connor56,vrodriguez@hotmail.com,Adam,Lawson,es-ES,contractor,False,5525 Miller Junctions Suite 426,Walkerville,KY,59205,YE
smithmichael,hillshelley@gmail.com,Tara,Potts,en-US,employee,True,14774 Norton Lakes Apt. 112,Nelsonside,VT,38475,SK
nathanielhull,tayloradrian@yahoo.com,Kara,Pollard,en-US,employee,True,945 Diane Bridge Suite 207,Onealville,NE,88436,ME
iperez,zamorasteven@hotmail.com,Andrew,Chambers,fr-FR,employee,True,68525 John Lock,North Michael,CT,93754,CZ
lisa29,sterry@yahoo.com,Sergio,Wilson,fr-FR,partner,False,10562 Rollins Cove,Port Kyleport,DC,56663,IE
barbara76,smithwendy@hotmail.com,Javier,Cain,pt-BR,contractor,True,049 Simmons Crest Apt. 433,Stephanieton,AR,00651,FJ
parkerwilliam,jacksonlori@gmail.com,Amber,Ho,pt-BR,partner,False,659 Alvarado Highway,South Richard,NY,92780,GR
nguyenkimberly,margaret43@hotmail.com,Michael,Vargas,zh-CN,partner,True,304 Scott Pass,North Jillbury,NE,17680,MA
savagealexandra,amandadiaz@gmail.com,Richard,Perez,fr-FR,employee,False,26531 Ayers Station,Lake Jesse,MT,39706,MH
pbrooks,annaclark@yahoo.com,Mikayla,Phillips,es-ES,employee,True,227 Jennifer Rapid,South Davidborough,OK,50614,GH
steven57,okelley@yahoo.com,Jamie,Fernandez,zh-CN,partner,True,7073 James Inlet,North Todd,MO,51705,EC
jonesphilip,williamcarlson@gmail.com,Angela,Garcia,es-ES,partner,True,772 Joseph Ferry Apt. 321,Shannonstad,AL,19361,FJ
robynjohnson,williamsmichelle@yahoo.com,Andrew,Smith,fr-FR,contractor,True,6302 Thompson Vista Suite 494,Lake Sarastad,OK,48594,LA
jenniferbrennan,mark66@yahoo.com,Michael,Murphy,pt-BR,partner,True,814 Matthew Mount,New Tony,CO,34059,GH
hernandeztimothy,nancy60@gmail.com,Erika,Smith,fr-FR,partner,False,114 Matthew Squares Apt. 611,North Grant,ID,70663,MN
kimberly38,tnorman@hotmail.com,Mary,Casey,fr-FR,contractor,False,362 Hodges Pass Apt. 713,Coxchester,HI,97314,AD
bauermargaret,margaret52@gmail.com,Andrew,Burke,pt-BR,contractor,False,45615 Mary Parkways Suite 452,North Jamesland,IN,33878,PA
slopez,brandibray@yahoo.com,Christina,Boyd,pt-BR,partner,False,599 Amanda Ridge,Floresshire,WY,80091,PA
paul12,kelly10@yahoo.com,Jaime,Rivera,zh-CN,partner,False,47087 Riley Junction Suite 684,North Christopherborough,KY,84570,KH
williamjohnson,jennifer92@gmail.com,Joshua,MD,es-ES,contractor,False,296 Cook Islands Suite 271,Patricktown,NC,58067,GN
christina00,brianjones@hotmail.com,Vincent,Patrick,en-US,employee,False,425 Brittney Mews,Ronaldfurt,MS,61164,GD
charles58,udelgado@yahoo.com,Jessica,Shelton,pt-BR,employee,True,2707 Adams Fields,West Johnhaven,IL,50715,KP
christina29,zball@gmail.com,Rachel,Mendez,pt-BR,partner,False,37583 Theresa Terrace,Rubioville,FL,96631,IR
dmartin,kforbes@hotmail.com,Zachary,Williams,es-ES,contractor,True,559 Michael Ports Suite 283,Christopherberg,DE,22051,ML
tamaramoran,hannahlopez@hotmail.com,Andrew,Tran,en-US,partner,True,260 King Corner Apt. 744,Billyton,AZ,26351,UZ
sbullock,ocunningham@hotmail.com,Christina,Dixon,zh-CN,employee,True,8671 Denise Lodge Apt. 548,Port Brandonburgh,IA,47540,SI
logandillon,anthony69@gmail.com,Kimberly,Young,en-US,employee,False,3599 Erica Forges Apt. 319,South Tracey,WI,88890,KI
heathermanning,abenson@hotmail.com,Rebecca,Brown,fr-FR,employee,True,0727 Charles Mountain Apt. 561,Whiteside,NE,41346,EE
pinedarobert,strongjerry@gmail.com,Thomas,Warren,en-US,employee,True,6442 John Ridge Suite 388,Princefort,RI,86765,TG
mcdanieljeremy,rclark@gmail.com,Alan,Sharp,pt-BR,employee,False,9534 Melissa Summit,New Carrieland,KY,71175,GM
xerickson,angela22@gmail.com,Jennifer,Peters,fr-FR,partner,True,23447 Perez Circle,Port Jeremy,MA,86912,TN
bortiz,tracyjones@gmail.com,Madeline,King,en-US,contractor,False,85150 Theodore Cliffs,Port Julia,ME,04351,GN
teresa00,santanashawn@gmail.com,Philip,Frost,fr-FR,employee,True,586 Wolf Garden,North Joseph,NJ,51885,HR
adam33,johnny11@yahoo.com,Michelle,Shields,fr-FR,partner,True,9446 West Lodge,Kingville,FL,71237,SM
sboyer,meghanrobinson@hotmail.com,Ryan,Stewart,fr-FR,contractor,True,8846 Heather Park,South Carolyn,HI,77317,QA
jenniferlawson,pcooley@hotmail.com,Derek,Fox,es-ES,partner,True,805 Wilkins Lake Suite 990,East Scottchester,VA,36783,JM
youngmichele,bonddaniel@yahoo.com,Sharon,Davis,zh-CN,partner,True,57083 Rivera Radial Apt. 268,Josephfurt,WV,85764,LY
wbyrd,edwinellis@hotmail.com,Stephanie,Brooks,fr-FR,partner,True,281 Clark Street,Michelleburgh,AL,91855,LC
bondtyler,hsmith@yahoo.com,Ryan,Williams,es-ES,partner,False,11163 Smith Lake Apt. 906,East Daleland,MN,28802,VU
bondgrace,robert06@yahoo.com,Melissa,Velasquez,en-US,contractor,True,1019 Justin Brook,Hardingside,FL,64474,BY
lisasmith,adriansolis@yahoo.com,Tracy,Harris,fr-FR,partner,True,748 Robert Islands,North Robert,DE,86228,GY
katiewright,christopher55@gmail.com,Michael,Stewart,zh-CN,employee,True,8154 Christopher Harbor,South Susan,LA,10103,SO
patelcaitlin,michaelreyes@yahoo.com,Terri,Wilson,pt-BR,contractor,True,243 Vance Hills,East Mark,CO,14569,SB
ethan40,cgarcia@hotmail.com,Bradley,Hall,pt-BR,partner,True,1474 Peter Curve,Leeburgh,CO,30619,FI
petersonkelly,stephaniebaker@gmail.com,Edward,Stevens,en-US,partner,True,617 Alexis Turnpike Apt. 573,West Michael,FL,19920,TD
glenda24,simmonsashley@gmail.com,Steven,Hernandez,en-US,partner,True,3121 Ryan Junctions Suite 125,Amandaville,ND,18226,LV
kevin33,cjohnson@yahoo.com,Stephen,Thomas,en-US,contractor,False,8771 Brown Route Apt. 115,South Heatherchester,MA,65136,BB
shahbrian,hdurham@yahoo.com,Eric,Berry,pt-BR,contractor,True,6610 Kyle Forks Apt. 262,South Pamela,RI,69897,BB
joshua96,kspencer@hotmail.com,Amanda,Miles,en-US,contractor,False,973 Amy Plaza Apt. 900,Munozchester,NJ,27599,AR
frichards,reyeskevin@yahoo.com,Michael,Clark,en-US,partner,False,9253 Michael Loop,East Charlesburgh,WA,71495,BZ
martinalicia,ibright@yahoo.com,Kelly,Harrison,es-ES,contractor,True,67448 Chad Mill,Steelefurt,DC,46453,BO
sarahrobinson,mcclurelouis@hotmail.com,Melissa,Edwards,fr-FR,partner,True,8457 Stacy Ways,West Justinburgh,ME,29179,TJ
asummers,colemanmichelle@hotmail.com,Sonya,MD,es-ES,contractor,True,976 Pierce Lane Apt. 917,East Matthewland,UT,36804,RS
boydabigail,jonesdebra@yahoo.com,Steven,Torres,en-US,employee,True,0519 Pearson Ranch Suite 271,Andersonmouth,NJ,73640,KR
shernandez,robert93@yahoo.com,Jay,Johnson,en-US,contractor,False,149 Marilyn Viaduct,Jenniferstad,HI,47827,MT
vcook,michaelharmon@hotmail.com,Nancy,Castro,zh-CN,partner,True,18579 Ashley Islands,North Michelleville,MT,63455,MU
cynthiagonzalez,jmoore@hotmail.com,Kenneth,Patrick,fr-FR,employee,True,57217 Steven Villages Apt. 079,North Ashleymouth,VA,74925,AU
gcrawford,hunterjerry@gmail.com,Jacqueline,Martinez,fr-FR,partner,False,10953 Wilson Crossroad,Jeffreyton,NC,71717,RW
makayla28,yshaffer@gmail.com,Tasha,Jennings,es-ES,contractor,False,07470 Mitchell Valley Apt. 983,Leefurt,HI,33944,BZ
agutierrez,samantha66@yahoo.com,Scott,Lane,en-US,employee,False,3014 Mills Island Suite 571,Port Arthur,CT,52159,HU
xhill,fjones@gmail.com,Emily,Daniel,es-ES,partner,False,6572 Suzanne Flat Suite 314,New Kevinmouth,MS,93143,FI
matthew22,batesdawn@hotmail.com,Robert,Brown,zh-CN,partner,True,27643 Collins Corner,South Kristietown,UT,21992,DZ
jamestucker,clarkjill@hotmail.com,Cynthia,Rodriguez,fr-FR,contractor,False,38619 William River Suite 060,Jenkinsville,WY,28596,KM
amygrant,kristine79@hotmail.com,Robert,Johnson,zh-CN,employee,True,3933 Reynolds Plains,West Ashley,RI,18676,HR
zjarvis,wbowman@hotmail.com,Matthew,Jones,pt-BR,employee,True,73138 Anderson Shores,New Jessicaside,WA,08478,SV
dixonkimberly,hamiltonangela@yahoo.com,Chad,Banks,zh-CN,contractor,True,22575 Meadows Hills,South Markbury,AK,83787,CR
pricemark,wtran@yahoo.com,Jessica,Dennis,pt-BR,partner,True,44203 Kaufman Spring,Taylorburgh,DE,98119,SE
omar23,tnorris@gmail.com,Jennifer,Williams,es-ES,employee,True,362 Cunningham Squares,Stevensonborough,ME,27788,GR
larry78,ellisjustin@yahoo.com,David,Gross,es-ES,contractor,True,0451 Nguyen Highway Apt. 939,East Matthewtown,NJ,54618,NZ
walshheather,joeldavis@yahoo.com,Chad,Hodges,fr-FR,contractor,True,164 Chan Circles,Hardyside,TN,03312,TL
carla66,tgarcia@hotmail.com,Clinton,Patterson,en-US,partner,False,077 Bailey Roads,Watersview,WA,06080,GB
cindykim,levinejuan@hotmail.com,Thomas,Ramos,es-ES,contractor,True,092 Lambert Stream Suite 779,Evansfort,DC,23205,CI
chrislewis,zperkins@yahoo.com,Jennifer,Gonzalez,fr-FR,partner,True,79759 Brown Field,New Brandonberg,MA,25906,AT
mcculloughlauren,douglas49@gmail.com,Tina,Hernandez,en-US,partner,False,264 Hawkins Bypass,East Nicole,MS,03946,TT
woodtammy,caroline63@gmail.com,Brian,Mccarthy,pt-BR,contractor,False,34006 Garcia Junctions,Lake Keithborough,IN,12234,CF
kentdevon,hdowns@gmail.com,Joshua,Smith,es-ES,employee,True,85766 Nelson Light Apt. 907,Lake Phillip,SD,39758,SL
hickmantina,ruthbarnes@hotmail.com,Leonard,Cruz,fr-FR,contractor,False,62398 Laura Centers Apt. 287,Kellyside,DE,82716,TV
stephaniewarren,cookdonna@gmail.com,Lisa,Cisneros,en-US,employee,False,78748 Stephens Tunnel,East Jasmineport,MA,11037,PH
lisaadams,jacob99@gmail.com,Dr.,Lee,pt-BR,contractor,True,5689 Karen Station,Zacharyport,FL,51743,SV
juliawalsh,parkerwilliam@gmail.com,Bruce,Thompson,pt-BR,partner,False,3241 Jackson Views,North Charlesside,OK,28684,MZ
amber96,thomasjaime@hotmail.com,Mary,Miller,zh-CN,partner,False,33739 Monica Forge Apt. 323,East Ericville,WA,70663,KP
jordan94,james87@gmail.com,Charles,White,en-US,employee,False,406 Johnson Forges Apt. 132,Roblesmouth,CA,78827,MU
fgraham,zmoore@gmail.com,Dean,Owen,fr-FR,partner,False,838 Christian Lodge,East Mark,NE,31181,JO
pdavis,sbrown@hotmail.com,Kendra,Hart,zh-CN,partner,True,76636 Thomas Trace,Michaelland,GA,96563,BN
kaiserrebecca,annehess@hotmail.com,David,Sutton,en-US,partner,False,24784 Michael Walks Suite 811,South Daniellehaven,IN,08096,BJ
monica94,harveyrhonda@hotmail.com,Victor,Li,es-ES,partner,True,220 White Underpass Apt. 537,Heidiborough,IL,35312,GE
castillobrooke,april36@yahoo.com,Teresa,Smith,es-ES,employee,False,44520 Philip Forges Apt. 591,West Glenn,SD,77294,HT
vdouglas,wilsonleah@gmail.com,David,Valencia,es-ES,employee,True,86309 Stanton Port,West Joseph,AZ,10648,MU
johnsonoscar,colemanwilliam@hotmail.com,Janet,Barton,pt-BR,contractor,False,03430 Rodriguez Spur,South Christine,ME,74211,MN
jennifer01,steven78@hotmail.com,William,Powers,zh-CN,employee,False,754 James Port,Thompsonchester,AK,85237,AF
aanderson,hollandpatricia@hotmail.com,Joseph,Cole,en-US,partner,False,6192 Robert Meadow,South Omarfurt,NE,43090,TT
tannerjacob,theresamcconnell@gmail.com,Evan,MD,pt-BR,partner,False,20231 Robin Key Suite 281,Berrychester,MS,17165,UG
wrightrobert,jesse78@gmail.com,Darren,Kim,zh-CN,employee,False,89233 Flores Green Apt. 398,Cameronbury,MD,24937,NA
schmidtanthony,dwaters@gmail.com,Matthew,Wolfe,zh-CN,partner,True,10366 Michael Street Suite 270,Lake Noah,HI,56317,WS
meyermichael,zbonilla@yahoo.com,Joel,Best,fr-FR,partner,True,50188 Potter Parkways,Bradyside,NE,36278,MM
michelle56,harringtonpenny@gmail.com,Nicholas,Peck,zh-CN,contractor,False,51237 Barton Mills,Shaunmouth,AL,11799,RU
craigtammy,qfox@yahoo.com,Kenneth,Hamilton,fr-FR,contractor,True,1004 Jeff Points Apt. 217,Robertstad,MN,62684,PK
masonjeff,calderondaniel@yahoo.com,Jacob,Perry,pt-BR,partner,False,22055 Rojas Villages Apt. 051,Lake Brianberg,MO,11475,IR
garysmith,steven06@yahoo.com,Stefanie,Wang,fr-FR,partner,True,3660 Walker Rue,Port Kimberlyland,CA,96158,BB
emilynguyen,zhudson@yahoo.com,Emily,Wells,en-US,partner,True,58941 Andrew Falls,Georgestad,AZ,11378,MD
walkerdavid,nicoleayala@hotmail.com,Paul,DDS,pt-BR,partner,True,7700 Blevins Lake,Finleyburgh,ID,68389,GM
gilmoresamuel,williamsrandy@hotmail.com,Samuel,Wilkins,fr-FR,partner,True,597 Stewart Throughway Apt. 035,Elizabethside,MA,43820,DJ
wfrank,smithwhitney@hotmail.com,Brittany,Rogers,zh-CN,partner,False,882 Joe Hill Apt. 190,Marshallview,KS,54208,NZ
roberta19,kelli33@hotmail.com,Sean,Williams,zh-CN,partner,False,10191 Harold Squares,Heidiberg,DC,11444,VU
christopherelliott,osbornrandy@yahoo.com,William,Webb,en-US,contractor,False,8160 Stephanie Road,Lake Jenniferfurt,NM,95581,NI
lelliott,oatkinson@gmail.com,Randy,Davis,zh-CN,employee,True,5356 James Pike,Richardschester,AK,18863,AF
sean03,wisejohn@yahoo.com,Mary,Rios,zh-CN,contractor,True,1066 Martin Ports,Cooleyberg,HI,23636,ZA
carterbrittney,vrodriguez@gmail.com,Katie,Spencer,en-US,employee,True,902 Jamie Unions Apt. 248,Brownview,AZ,64536,NO
melindashea,goodwinphillip@gmail.com,David,Diaz,pt-BR,contractor,True,866 Foster Prairie,Donnatown,NH,40205,BY
jennifer06,scott00@gmail.com,Kimberly,Erickson,es-ES,partner,True,6683 Smith Estate Suite 573,Rogersborough,VT,08687,ZA
kristen27,ryan31@yahoo.com,Joanna,Bauer,zh-CN,employee,True,03109 Bradford Mountain Apt. 504,East Donna,TX,08621,GA
patricia91,andrewsmichael@hotmail.com,Douglas,Humphrey,fr-FR,partner,False,00996 Patton Streets Suite 759,West Paulborough,WV,48709,MC
sarahsanchez,gregoryrichardson@hotmail.com,Laura,Cooper,zh-CN,employee,True,78515 Benjamin Views,Jenniferton,NE,34936,UA
hunterpaul,amurray@yahoo.com,Peter,Davis,es-ES,contractor,True,4730 Sullivan Plain Apt. 615,Leachside,MO,59822,HT
aliciaburns,ricardo77@hotmail.com,Kimberly,Howell,fr-FR,partner,False,9981 Bishop Crossing Suite 048,Port Caseymouth,WI,50757,FR
smartin,ucruz@yahoo.com,Gregory,Deleon,zh-CN,contractor,False,4952 Adam Tunnel Suite 201,Hudsonburgh,GA,78307,RU
jessicaclark,tdunn@hotmail.com,Cheryl,Randall,es-ES,contractor,True,18009 Steven Neck Suite 747,Allenchester,AR,18355,ZA
jake55,zbishop@gmail.com,Damon,Glenn,zh-CN,employee,True,46654 Jesse Locks Apt. 150,South Mark,SD,73187,ME
chuang,marcusmendoza@hotmail.com,Tammy,Nelson,zh-CN,partner,False,59754 Wallace Row Suite 881,New Derekview,VA,62388,IR
harold84,johngutierrez@gmail.com,Christina,Barron,zh-CN,partner,True,08460 Austin Fork Apt. 048,Gutierrezhaven,DE,94132,VU
reidseth,robert39@yahoo.com,Christopher,Young,en-US,contractor,False,4001 Cole Drive,West Gregorybury,VA,19393,PH
uwright,xcarter@gmail.com,Holly,Hubbard,es-ES,employee,False,137 Robert Ford,Lake Joshua,MD,16283,AT
markmooney,vfischer@yahoo.com,Mark,Middleton,fr-FR,partner,True,8135 Ashley Landing,Cobbside,CA,69755,SO
pwalters,anthony31@hotmail.com,Jacob,Young,pt-BR,employee,True,55282 Wilkins Mission,New Stephenmouth,AR,22881,WS
jameslowery,dawn82@yahoo.com,Colin,Montgomery,es-ES,employee,False,1819 Daniel Squares,East Cynthia,MT,39842,KP
taylorvanessa,kelsey09@hotmail.com,Christina,Ford,fr-FR,partner,True,26113 Baker Springs Suite 726,Port Kelly,SC,66504,FJ
fkirk,fwalker@gmail.com,Julie,Clark,es-ES,partner,False,567 Zachary Drive Apt. 664,Scottside,KY,88104,MM
scottdaniel,wsanchez@gmail.com,Blake,Harvey,zh-CN,partner,False,68555 Moore Loaf Apt. 752,Port Benjaminview,DE,01827,US
stacycarroll,gmiller@gmail.com,Jon,Schmitt,fr-FR,employee,False,767 Chad Villages Suite 728,New Carmen,TX,37910,TG
kstrickland,lpalmer@gmail.com,Evan,Gill,fr-FR,contractor,True,653 Greene Fields Suite 498,Reevesborough,NJ,44763,KP
lpierce,kennethpittman@hotmail.com,Shawn,Reynolds,pt-BR,partner,True,07896 Shannon Spring Apt. 660,Port Justinmouth,WA,41852,TW
erik93,gregorydebra@gmail.com,Danielle,Grimes,pt-BR,employee,True,9224 Lopez Key,New Taraton,PA,12012,AO
vincentbaker,dwilliams@yahoo.com,Scott,Humphrey,zh-CN,partner,False,4327 Leslie Mall,North Jeremyfort,IA,44911,TD
ashley46,grahamjessica@hotmail.com,Pamela,Cantrell,pt-BR,employee,False,38382 Wood Square Suite 927,New Deborahville,VA,71349,SR
kathryn85,elizabethpage@gmail.com,Timothy,Fox,zh-CN,partner,True,30408 Michael Fields,Holmesville,MI,37504,FR
sparker,garciastephanie@gmail.com,Pamela,Kelly,pt-BR,contractor,False,9574 Erica Ports Suite 654,Taylormouth,TX,38142,HN
michellehoward,asmall@gmail.com,Craig,Good,zh-CN,partner,True,06499 Donald Curve,West Taylor,NV,46671,PG
davidsonthomas,dianayoder@hotmail.com,Dustin,Watson,fr-FR,employee,False,17972 Davis Rapid Suite 025,Joshuafort,PA,59375,TN
probles,harrisdonald@hotmail.com,Angel,Sanchez,zh-CN,partner,False,74786 Paige Inlet,Port Nicholas,WI,09651,MW
terrisingleton,katherinebryant@gmail.com,Adam,Horton,zh-CN,contractor,True,99422 Lindsey Cape Suite 491,Edwardshaven,AK,38347,EG
kelly77,dtaylor@yahoo.com,Alexis,Mccall,en-US,contractor,True,252 Cynthia Curve,New Kelly,WI,24963,ID
james30,miguel83@gmail.com,Jessica,Carroll,zh-CN,partner,True,902 Solomon Road Suite 048,North Joeton,RI,49820,ET
jdickson,triley@yahoo.com,James,Bass,pt-BR,employee,True,8939 Scott Mills,North Adam,OH,82853,AR
antoniolopez,gonzalesmark@gmail.com,Alicia,Graves,en-US,contractor,False,29918 Sharon Tunnel,Justinshire,VT,33739,ZM
ledwards,jackkerr@hotmail.com,Jamie,Haney,pt-BR,partner,False,038 Daniels Burgs Apt. 130,West Jasonton,UT,62296,BE
scottsmith,rodrigueztyler@hotmail.com,Sarah,Cook,pt-BR,contractor,False,12290 Daniel Course Suite 876,Port Dennisshire,IL,63736,NP
jgray,wolfecory@hotmail.com,Kevin,Fox,pt-BR,contractor,False,644 Blake Islands Apt. 595,Gonzalezburgh,GA,73188,UY
fosterdanielle,kimberly74@gmail.com,Amy,Butler,fr-FR,employee,False,75274 Leslie Mountains Apt. 814,North Thomas,ME,25329,WS
kathy50,jennifer99@gmail.com,Katherine,Wilson,pt-BR,partner,True,0788 Barajas Path,Karentown,OH,11554,UY
smithjeffrey,gsullivan@hotmail.com,Zachary,Nelson,es-ES,partner,True,5592 Perez Centers Apt. 905,West Amanda,VA,38977,MW
cardenasrobert,amy87@yahoo.com,Alexander,Wagner,fr-FR,employee,True,69603 Beard Trail,Port John,MA,95811,RW
amandafuller,marissajohnson@hotmail.com,Tonya,Villanueva,es-ES,contractor,False,068 Hammond Garden,Combsland,AK,55610,DM
rodney01,martinezsamantha@hotmail.com,Jose,Roberts,pt-BR,partner,True,81210 Darren Corners,North James,RI,74505,SV
jameslyons,cohenalexander@gmail.com,Luis,Howe,en-US,employee,False,25430 Marcus Forks Apt. 496,Kristenside,IN,16068,UG
judith73,robert23@hotmail.com,Sara,Hayes,en-US,partner,True,296 Zachary Groves Apt. 098,Alvarezshire,MO,19532,SO
tammyanderson,kellersteven@hotmail.com,Adam,Henson,zh-CN,contractor,False,569 Williams Isle Apt. 820,East Jeromeside,ND,98062,SR
shannondavis,joshua73@yahoo.com,Brett,Garcia,zh-CN,employee,True,6368 Charles Prairie,Lake Ronald,LA,19940,DJ
yrodriguez,lopezvictor@yahoo.com,William,Richardson,en-US,employee,False,11313 Decker Underpass Apt. 730,Lake Melissa,MS,21964,BF
ortizlisa,rlane@gmail.com,Isaiah,Herring,pt-BR,partner,False,8114 James Gardens Suite 943,New Lisaside,NJ,47873,CO
patricianguyen,andrea16@hotmail.com,Jason,Garcia,zh-CN,contractor,False,6334 Darlene Harbors Suite 222,West Lisa,VA,43103,MZ
iharrison,patricia87@gmail.com,Glen,Lopez,zh-CN,partner,False,1941 Marie Rest,South Erikmouth,GA,83741,UG
wsmith,curtis71@gmail.com,Tina,Oliver,en-US,contractor,True,27312 Lamb Throughway Apt. 265,Nicolemouth,AR,95433,HU
bpalmer,sarahrobinson@hotmail.com,Eric,Phillips,fr-FR,employee,False,91258 Michael Dale Apt. 495,Kristineland,MD,14027,KR
annette14,kimberly90@gmail.com,Kelly,Tucker,zh-CN,contractor,True,8371 Pruitt Forks,Lake Cathyburgh,NC,76260,MN
caseymaria,petersennichole@hotmail.com,William,Fletcher,fr-FR,contractor,True,37910 Brianna Turnpike Suite 230,Cookemouth,MN,77480,LY
mshannon,tamaraadams@hotmail.com,Thomas,Landry,en-US,contractor,True,62740 Smith Circle,West Mitchellview,WV,34314,BZ
othomas,sharonmorgan@gmail.com,Frank,Barnett,pt-BR,contractor,True,103 Krystal Crossroad,New Brianshire,NJ,01975,SO
chall,kstout@gmail.com,Julie,Ramos,es-ES,employee,False,062 Huber Parkways,East Jennifer,ND,11217,FJ
ericmason,emilyjohnson@hotmail.com,Nicole,Gilbert,es-ES,partner,False,5100 Mary Green Suite 895,Curtisbury,KS,74948,KH
barrettdanielle,michael56@hotmail.com,Kelly,Garcia,zh-CN,contractor,True,267 Mcdonald Turnpike,Mathismouth,PA,08466,ER
lgallegos,ginabrown@hotmail.com,Valerie,Brown,en-US,employee,False,107 Williams Terrace,Josephfurt,GA,75095,CH
mcdonaldmelissa,rlee@gmail.com,Donald,Hart,fr-FR,employee,False,1486 Waters Plaza,North Rachelfort,WI,52431,CH
xhall,david24@gmail.com,Patricia,Williams,en-US,contractor,False,681 Lucero Divide,West Brittany,MT,49390,AD
jennifer22,dianalee@hotmail.com,Chelsey,Fry,es-ES,contractor,False,99776 Macias Track,Davisside,AR,41716,BS
gregorymichael,randall09@gmail.com,Heather,Scott,en-US,partner,True,440 Taylor Summit,Smithberg,OK,27877,BR
wallacejonathan,collinsrobin@yahoo.com,Ashley,MD,pt-BR,contractor,True,46895 Jesus Meadow Suite 894,Alexandrabury,AL,40575,FI
gabrielathompson,walkerrobert@gmail.com,Robert,Lee,zh-CN,partner,False,92834 Miranda Oval Suite 310,Briannatown,UT,62941,MX
jeffreycopeland,james87@hotmail.com,William,Kennedy,en-US,partner,True,483 Jones River Apt. 703,Lake Mercedesmouth,OR,83688,NA
jillclark,whitewendy@hotmail.com,William,Davis,fr-FR,employee,True,7674 Patricia Viaduct,Thomasmouth,RI,25754,KR
beverly76,matthew86@hotmail.com,Cassie,Martinez,fr-FR,contractor,False,22318 Wright Mountains Suite 042,South Amandaville,MO,39658,UY
williamsmichael,elizabeth07@hotmail.com,Jacqueline,Morales,fr-FR,contractor,True,06824 Micheal Ranch,Lopezville,PA,91650,SL
castrorussell,pvillegas@yahoo.com,Karen,Conley,en-US,partner,False,02292 Whitehead Ways Apt. 407,Lake Matthew,VA,71265,SE
xlopez,wbowen@gmail.com,Valerie,Chavez,fr-FR,contractor,False,2175 Guerrero Roads Suite 108,Griffinton,AL,18233,GQ
chenry,debrarusso@hotmail.com,Rachel,Thomas,pt-BR,contractor,False,968 James Expressway,Lake Kathrynfurt,NC,06176,ML
cardenascathy,lewisvanessa@hotmail.com,Sarah,Burke,fr-FR,employee,True,3096 Garcia Lane,North Alisonhaven,UT,11022,MK
jacobsonderek,jessica58@yahoo.com,Lisa,Nelson,zh-CN,partner,False,224 Sampson Manor,Cristianmouth,MS,20520,PS
gailmurphy,theodore09@gmail.com,Nathan,Myers,es-ES,employee,True,1958 Joshua Fort,Lake Wendyburgh,IL,64964,DJ
watersvictoria,edwardphillips@hotmail.com,Beth,Larson,pt-BR,contractor,True,056 Phillips Mount,Hughesland,OH,15549,GW
wrichardson,bbaird@yahoo.com,Lindsay,Rodriguez,es-ES,partner,True,665 Everett Hill,Jeffreystad,MI,61425,PW
edward81,maynardthomas@gmail.com,Jessica,Jones,pt-BR,employee,False,00114 Williams Island Apt. 536,West Zachary,UT,96170,WS
tfox,rebeccajohnson@yahoo.com,Melissa,Jones,en-US,contractor,False,4370 Edwards Falls Suite 265,North Scott,VA,54610,QA
adamtorres,matthewsemily@yahoo.com,Nicole,Valdez,pt-BR,employee,False,6152 Denise Springs,South Bettyhaven,IL,84763,AO
andrew95,gregory16@yahoo.com,Jodi,Bonilla,es-ES,employee,False,42139 Morse Cape,Davidmouth,VT,32677,ZW
aaron45,aguilarshannon@hotmail.com,April,Pope,zh-CN,contractor,False,354 Whitehead Forges Apt. 005,North James,NM,06860,BR
townsendmark,russellmelanie@hotmail.com,Bonnie,Miles,pt-BR,partner,False,0518 Jason Overpass,Teresaberg,ME,71490,TH
alex78,ashleydelgado@gmail.com,Michael,Barron,zh-CN,contractor,False,53842 Linda Vista Suite 292,Carlsonberg,NH,37872,UG
fhickman,bpierce@gmail.com,Jason,Thompson,pt-BR,partner,False,08674 Sarah Creek,Armstrongton,DE,69245,SL
michael46,qjones@yahoo.com,Ronald,Sandoval,zh-CN,partner,True,16802 Ramirez Isle,Phillipshire,FL,78143,SC
marisa74,kristen72@hotmail.com,Matthew,Williams,es-ES,partner,True,3392 Kimberly Avenue Suite 348,West Benjamin,FL,86890,TD
jacobmitchell,melissa62@gmail.com,John,Jones,fr-FR,contractor,True,69382 Hoover Estate Suite 315,New Julie,NJ,49809,BE
shawnmoreno,erin62@yahoo.com,Cynthia,Hale,pt-BR,partner,True,3098 Garcia Burgs Suite 817,New Kelseystad,VA,30712,KP
tanyahurst,ibarranichole@hotmail.com,Alexis,Roman,zh-CN,contractor,False,47312 Ryan Shore Suite 719,Robertston,TX,30236,JM
christian40,emily80@hotmail.com,Jerry,Perry,pt-BR,employee,False,4307 Smith Landing Apt. 161,New Pamela,GA,58742,OM
teresa46,kmeyer@yahoo.com,Angela,Preston,zh-CN,employee,True,37184 Kelly Crescent Apt. 051,North Felicia,VA,87030,GW
jamesamber,christinebennett@hotmail.com,Thomas,Bell,zh-CN,employee,True,1753 Drake Burg Apt. 102,Christinaberg,HI,65994,DJ
coxsusan,courtneysanchez@gmail.com,Joseph,Gomez,en-US,employee,False,0892 Smith Terrace Suite 350,Smithport,GA,03187,US
fgreene,hroberson@hotmail.com,Deborah,Whitney,fr-FR,employee,True,478 Ryan Inlet Suite 535,South Lisastad,WY,27739,DJ
karen30,brownsarah@gmail.com,Jordan,Cummings,en-US,contractor,False,763 Lisa Plains,Brendanburgh,KY,05636,AU
tyler84,mckeejudy@hotmail.com,Misty,Dickerson,es-ES,employee,False,19983 Stephanie Brook,Port Hollyland,MO,17554,SL
williamshaley,whart@gmail.com,Dustin,Smith,es-ES,employee,True,88875 Jeffrey Branch Apt. 672,Floresborough,TX,21154,BN
karabailey,omendoza@hotmail.com,Pamela,Richardson,zh-CN,employee,True,622 Peter Squares,East Brittney,LA,89674,LI
bryanayala,brian98@gmail.com,Cynthia,Webster,pt-BR,partner,True,09306 Johnston Flats,East Emilystad,MO,38999,SM
sullivankelli,dunnadam@hotmail.com,Yolanda,Wilson,zh-CN,contractor,False,936 Jacob Harbor Apt. 443,Joycehaven,ME,77711,BA
jhubbard,tristan13@hotmail.com,Alyssa,Colon,es-ES,employee,True,78005 Hughes Street Apt. 109,North Walter,NM,70788,RW
kevinmartinez,pmeyers@gmail.com,Melissa,Ramirez,pt-BR,contractor,False,57373 Jackson Fords Apt. 008,North John,WI,37583,CH
patrick70,pblanchard@hotmail.com,Nicholas,Wood,en-US,partner,True,621 Walker Drives Apt. 957,Lake Nicholasfurt,NH,73725,BN
ulong,bradleyteresa@gmail.com,Alex,Rodriguez,fr-FR,partner,True,66766 Warner Station,West Joshua,LA,72191,FR
garciaisabel,mannjennifer@hotmail.com,Mr.,Cortez,en-US,employee,False,0320 Carter Parkways Suite 332,Torresstad,AZ,66586,SE
raymondstone,dalesmith@yahoo.com,Julia,Anderson,pt-BR,contractor,True,3756 Melinda Ports Apt. 669,Hodgesmouth,SD,14642,MU
jjohnson,avilajennifer@yahoo.com,Brianna,Jones,pt-BR,employee,False,01248 Johnson Square Apt. 340,Michaelport,VT,21503,BZ
ywood,tinajohnson@gmail.com,Daniel,Hill,es-ES,partner,False,338 Matthew Glens Apt. 830,Stricklandchester,AZ,53379,ER
raymond48,rdelacruz@gmail.com,Jennifer,Barker,es-ES,partner,True,814 Stevenson Trace Suite 930,Port Mindyfurt,TN,70641,YE
hendersonian,rwoodard@yahoo.com,Samuel,Brown,es-ES,contractor,False,55748 Barrett Neck Apt. 148,East Timborough,KY,36564,UY
dalvarez,ebaker@yahoo.com,Brandon,Bailey,zh-CN,employee,False,233 Hill Motorway Apt. 446,East Phillipland,HI,67169,SA
xrose,jacquelinesmith@gmail.com,Amber,Howard,zh-CN,partner,True,84987 Belinda Center,South Crystal,MT,44227,TV
stacey04,rossleroy@yahoo.com,Madeline,Nelson,fr-FR,partner,False,025 Wall Courts,New Danielberg,OR,32069,WS
carolcook,sarahgarrett@yahoo.com,Tara,Butler,es-ES,employee,True,087 Sean Terrace,Rayland,KS,53503,CN
nicoleday,mathew33@yahoo.com,Robert,Harrell,fr-FR,employee,True,985 Rita Neck Apt. 558,Loganville,SC,44300,SR
scottamanda,alleneric@hotmail.com,Shelley,Burns,pt-BR,partner,True,78392 Martinez Forge,Nicholsside,NH,94771,LI
paigenelson,gerald37@gmail.com,Traci,Taylor,es-ES,partner,True,83909 Wayne Fall,Dylanmouth,OH,88292,MC
gregory35,david30@yahoo.com,Hannah,Holmes,en-US,contractor,True,48431 Amber Mountain,New Brent,DE,83057,AG
ronaldmoore,fpeterson@yahoo.com,Tracy,Martin,zh-CN,employee,False,0128 Hernandez Wall Apt. 715,South Paulmouth,NH,26195,TD
daniel40,wgonzalez@hotmail.com,Michael,Thompson,pt-BR,contractor,True,7483 Davis Junctions Apt. 678,New Williammouth,HI,30270,SB
adavis,aaronrojas@yahoo.com,Nathan,Jacobs,en-US,contractor,True,221 Mcdonald Heights,Alanshire,ID,05370,BZ
cooperthomas,lisagonzalez@gmail.com,Cynthia,MD,pt-BR,employee,False,110 William Lights,New Patricia,DE,12008,SN
kimberlygomez,jennifer13@gmail.com,Charles,Garcia,en-US,employee,False,753 Francis Ford,Tinastad,NH,76786,OM
fisherrebecca,lee90@hotmail.com,Dana,Jones,es-ES,partner,False,455 Melanie Flats Apt. 539,West Adammouth,NM,27384,BA
amybarnes,grobinson@hotmail.com,Andrea,MD,pt-BR,partner,True,06234 Kelly Ports Apt. 407,Pittsview,PA,51676,NP
shensley,iramirez@yahoo.com,Rebecca,Hall,fr-FR,employee,True,53787 Carl Rapids,Lake Matthew,OH,18416,IS
tracyhernandez,hannah99@yahoo.com,Alexis,Parks,zh-CN,contractor,True,131 Chelsea Pines Apt. 569,North Sean,TN,59783,VE
lisa79,jamie91@yahoo.com,Robert,Holt,pt-BR,contractor,True,3388 Duran Villages Suite 371,Patelport,NY,18404,IR
haydensusan,xgeorge@yahoo.com,Tristan,Weaver,zh-CN,employee,False,2256 Elizabeth Union Apt. 302,East Daniel,ID,72723,RO
robinsonclifford,proberts@hotmail.com,Sharon,Dean,en-US,partner,True,8031 Michelle Terrace,Toddfort,NC,17312,GT
frank63,jon24@gmail.com,Kyle,Swanson,pt-BR,partner,False,125 Bailey Mills,East Cassandrafort,VA,73465,AE
smurphy,rshannon@gmail.com,Brooke,Fisher,en-US,employee,False,57721 Huynh Streets Suite 781,Port Annamouth,ND,92271,HT
victoria17,uking@gmail.com,Michael,Hughes,en-US,employee,True,274 Jessica Route Suite 470,West Darrylview,MA,99474,FR
kimberly72,triciaharris@yahoo.com,Julie,Morse,zh-CN,employee,True,35781 Sheryl Underpass,West Kathryn,RI,44210,RS
mike18,spencerdawn@gmail.com,Christian,Fischer,pt-BR,employee,True,90390 Amanda Street Apt. 617,West Toddchester,OR,60276,VC
sharonsanchez,whill@yahoo.com,Jesse,DVM,zh-CN,partner,True,473 Robert Knoll,New Nicolebury,NV,92447,DM
alison37,darrellmayer@yahoo.com,Christopher,Sanchez,es-ES,employee,True,24934 Harmon Prairie Suite 302,Danielhaven,MI,38366,TM
ambersmith,ulee@gmail.com,Steven,Sutton,pt-BR,employee,True,162 Wilson Gateway,Valdezborough,TN,80885,NI
darrellbeard,yhays@hotmail.com,Maria,Reed,fr-FR,partner,False,51406 Theresa Prairie,South Natalieburgh,IA,51210,JO
wthomas,cgriffin@hotmail.com,Jason,Delacruz,en-US,employee,True,9533 April Camp,Dalefort,CT,60297,KR
lisa10,lawrencecoleman@gmail.com,Anna,Sellers,zh-CN,employee,True,63380 Gomez Lodge,South Angel,LA,89701,CH
joann27,melissa79@yahoo.com,Wayne,Barker,es-ES,employee,False,69880 Matthew Estates Suite 529,West Ryanchester,FL,35967,AO
glenhill,natashaward@hotmail.com,Jason,Haynes,es-ES,employee,True,21508 Sean Green Suite 944,East Maria,MA,33978,PW
zarroyo,michael83@hotmail.com,Peter,Cameron,es-ES,contractor,True,93480 Krystal Alley Apt. 655,Lake Tiffanyton,OR,83609,VA
johnnyevans,brandoncraig@hotmail.com,Christopher,Long,en-US,contractor,False,31235 Michael Forges,Meganborough,DC,07893,RS
andrea29,zmayer@gmail.com,Kimberly,Walton,fr-FR,contractor,False,57051 Sanders Walk,Delgadoport,AZ,28069,TZ
schultzdavid,jessica49@hotmail.com,Michael,Duncan,pt-BR,employee,False,946 Kevin Forks Apt. 247,East Karen,CA,79308,KM
eddiehardy,smithashley@gmail.com,Brandon,Thomas,zh-CN,employee,False,048 Andrew Courts Suite 238,Johnland,OH,37230,GQ
xcampbell,gary42@yahoo.com,Ariana,Gardner,en-US,employee,True,1661 Weeks Plaza,North Alice,WV,66503,DK
nmiller,brianstephens@hotmail.com,Benjamin,Sharp,zh-CN,partner,False,884 Joan Meadow Suite 177,Cardenasmouth,DC,52772,CL
rachel04,kimberly62@yahoo.com,Jon,Andrews,pt-BR,employee,True,59644 Jimmy Underpass Suite 516,Vegatown,MT,33829,SG
montgomerydanny,sarahvilla@hotmail.com,David,Arnold,zh-CN,contractor,True,21195 Quinn Pass Suite 986,New Janet,MS,95096,SN
sheri60,davisfernando@hotmail.com,Steven,Jones,pt-BR,partner,False,6196 John Springs,Gonzalezfort,WI,35718,TG
tsanchez,breanna49@hotmail.com,Lauren,Peters,es-ES,contractor,False,532 Gaines Knoll Suite 836,Lauraview,ME,62491,CR
monica05,jennifer88@gmail.com,Patricia,Baxter,fr-FR,contractor,False,15231 Rose Drive Suite 685,Carterport,IN,65515,IR
eparker,stefaniewashington@gmail.com,Alexander,Murphy,es-ES,partner,False,6354 Roy Locks Suite 468,Figueroashire,NH,00690,ZW
david38,erinsullivan@gmail.com,Wendy,Lester,pt-BR,employee,True,3250 Tina Freeway,Sabrinamouth,OK,13521,ES
john01,davesingleton@yahoo.com,Cameron,Daniel,en-US,contractor,True,961 Heather Via Apt. 769,Donaldview,MD,64449,KZ
michellebridges,michael94@hotmail.com,Deanna,Thompson,pt-BR,partner,False,028 Edwards Trail,New Sarahmouth,NH,83940,IE
summerslinda,erika38@hotmail.com,Jay,Bailey,fr-FR,employee,True,703 Jenkins Lights Suite 678,Dennisfort,WV,97584,PE
dillonkevin,donna83@hotmail.com,James,Jimenez,pt-BR,contractor,True,3590 Sarah Lock Apt. 721,West Dennismouth,MA,92645,GA
donna32,zramos@yahoo.com,Larry,Harrell,pt-BR,employee,True,63236 Katelyn Club Suite 572,Michaelmouth,ID,03367,GT
nicolemartin,moralesalice@hotmail.com,Janet,Vasquez,fr-FR,employee,True,88390 Kimberly Terrace Suite 863,West Luis,LA,36440,CA
kellywise,jonathan49@gmail.com,George,Hicks,zh-CN,contractor,False,3265 Michael Mountain,East Dylanberg,WY,47472,AU
powelljessica,aliciasmith@gmail.com,April,Mata,en-US,employee,True,225 Michelle Place,Port Mary,MI,20834,TL
qhall,mitchell02@hotmail.com,Craig,Love,en-US,contractor,True,1000 Walls Loaf Apt. 998,Lake Carol,NM,75608,ZA
alexandria78,briantaylor@yahoo.com,Kim,Reed,pt-BR,partner,False,74958 Kelly Grove,Samanthachester,TX,45109,BR
kanekelsey,robertstone@gmail.com,Michelle,Frederick,es-ES,partner,True,99312 Jones Port Apt. 416,South Michael,AK,19356,ME
wrightshelia,ohunt@hotmail.com,Jennifer,Molina,fr-FR,partner,False,191 Clark Roads Suite 719,Timothyview,KY,39777,MH
gonzalesjason,thompsonjoshua@yahoo.com,Richard,Estes,es-ES,partner,False,461 Michelle Drives,Lake Charlesland,MN,47035,MG
sarajones,ramosmichelle@yahoo.com,Dana,Choi,zh-CN,employee,False,577 Larson Shore,East Brianchester,OK,31401,NI
kobrien,bonnie54@hotmail.com,Marisa,Perez,en-US,partner,False,9092 Medina Bridge,Randyberg,DE,31772,KP
raymond94,johnware@yahoo.com,Dr.,Moore,es-ES,contractor,True,8415 Howell Drive,Pottsmouth,WV,86827,MY
smoore,aliciasmith@yahoo.com,Margaret,Collins,fr-FR,contractor,False,2993 Lewis Court Apt. 519,Lisafort,DC,10386,CM
charles11,rachel20@gmail.com,Christopher,Smith,fr-FR,employee,True,38545 Garza Plains,North Jamiestad,OH,63873,MC
jacquelinejones,tina65@gmail.com,William,Lopez,fr-FR,employee,True,328 David Way,Davidborough,UT,08017,DM
hortiz,yhughes@yahoo.com,John,DVM,zh-CN,employee,False,7618 Curry Road Apt. 741,Smithville,VA,58893,PH
bmontoya,isabellamartinez@yahoo.com,Charles,Moreno,zh-CN,employee,True,5667 Smith Plaza,Bensonhaven,WI,13601,AD
melissa27,zoe75@hotmail.com,Derek,Blackwell,fr-FR,employee,True,9206 Sara Turnpike,Carlton,FL,54801,DE
gregoryjackson,pam61@yahoo.com,Emily,Nguyen,fr-FR,employee,True,182 Dylan Meadows Apt. 566,Kathleenborough,HI,30054,AL
katie94,agraham@hotmail.com,Patricia,Allen,zh-CN,contractor,True,129 Villegas Track,West Jenniferstad,DC,49358,TZ
xnoble,ricky22@gmail.com,Kristen,Mullins,fr-FR,partner,True,211 Jacob Garden,Edwardsstad,SC,18001,SZ
latasha70,stacy78@hotmail.com,Zachary,Ellis,zh-CN,contractor,False,8114 Weaver Keys,Lake Danielleshire,KY,17484,SK
sethturner,yangpatrick@hotmail.com,Dawn,Collins,fr-FR,contractor,True,445 Daniel Station Apt. 751,Robertside,MI,70614,MH
wheelerdavid,stephanie27@gmail.com,Melvin,Greene,pt-BR,contractor,False,1550 Hoffman Run Apt. 982,East Ryan,SC,80164,WS
xtorres,bairdcarolyn@gmail.com,Nicholas,Johnson,en-US,partner,True,418 Williams Curve,Barbarafurt,MO,17931,KI
bryancummings,kcoleman@yahoo.com,Sheila,Cruz,zh-CN,partner,False,99912 Burnett Manors Apt. 479,Masonmouth,OK,70309,MR
folson,stoutkyle@yahoo.com,Gina,Price,pt-BR,employee,True,5436 Ramos Vista Apt. 494,Richardsonhaven,RI,65589,RO
xbarnes,pcook@hotmail.com,Matthew,Eaton,fr-FR,contractor,True,191 Adam Curve Suite 510,Mooreview,AR,24387,UA
barrysmith,nguyenandrew@yahoo.com,Randall,Jones,fr-FR,contractor,False,476 Powers Hill,Diazside,OK,28861,LV
brianboyd,pcain@hotmail.com,Stephanie,Freeman,es-ES,contractor,True,08513 April Plaza Suite 665,North Nancy,MT,89808,LR
pperez,nroman@yahoo.com,Susan,Cox,fr-FR,partner,False,4948 Stephanie Trail,East Mark,MT,14083,ER
frazierrebecca,qmurray@gmail.com,Allison,Williams,en-US,employee,True,0542 Wood Prairie Suite 144,Trevortown,TN,27381,DE
leeshannon,erin32@gmail.com,Jeffery,Rodgers,pt-BR,contractor,True,235 Mccullough Orchard Apt. 265,North Meghan,NV,44620,DK
gromero,watsonjennifer@yahoo.com,Caitlin,Sanchez,en-US,contractor,False,57239 Burnett Points,South Tiffanytown,MI,52967,NA
isaiah85,brittany05@yahoo.com,Jessica,Warner,es-ES,employee,False,220 Yates Valley,Rivashaven,DC,17978,RO
christophersmith,njackson@yahoo.com,Veronica,Walsh,en-US,contractor,True,4953 Hines Square Suite 932,Marytown,NM,13380,SA
enash,lwilliams@hotmail.com,Melissa,Richardson,en-US,contractor,False,412 Brittany Throughway,Meyerfort,MO,64854,PL
brandon26,bblanchard@hotmail.com,Robin,Taylor,en-US,partner,False,697 Heather View Suite 102,East Jenniferchester,TX,22029,SC
tarajohnson,pwilliams@hotmail.com,Lauren,Maddox,es-ES,partner,True,32983 Timothy Loaf,Lesliechester,ND,29527,TD
zward,pmcintosh@yahoo.com,Lisa,Conley,en-US,employee,False,08522 Karen Keys,Lake Kellytown,SD,46542,TG
kingwendy,jacob34@yahoo.com,Kristina,Murphy,en-US,partner,True,788 Vazquez Street Apt. 819,South Marcchester,NJ,54349,LB
nicholas65,bvance@hotmail.com,Holly,Schroeder,pt-BR,contractor,False,04637 Williams Inlet Apt. 370,New Stevenstad,TX,75325,IE
charles68,brookschristopher@gmail.com,Victoria,Dennis,fr-FR,contractor,False,6698 Elizabeth Trail,Tammyshire,NC,51449,GB
wwilliams,monica08@gmail.com,Jeremy,May,fr-FR,contractor,True,277 Buchanan Run Apt. 490,East Sarah,NC,31998,RO
uhowe,matthewmeyer@hotmail.com,Monica,Brown,pt-BR,contractor,True,4429 Brian Islands Suite 487,East Spencer,HI,04335,LU
mmartin,michael91@gmail.com,Joe,Davila,es-ES,contractor,True,55838 Troy Station,Cherylhaven,NV,94521,GB
asmith,chelsea48@hotmail.com,Kyle,Butler,en-US,partner,True,698 Rodriguez Crescent Apt. 884,West Amanda,DC,91362,MK
williamburke,fernandezdavid@hotmail.com,John,Stevenson,fr-FR,partner,True,356 Pham Stream Suite 606,Scottborough,IL,06038,LS
cameronhaney,nancyheath@hotmail.com,Tammy,Vargas,en-US,employee,False,899 Henderson Union Suite 301,Paulfurt,MT,47508,BF
krasmussen,rebecca38@gmail.com,Dorothy,Thomas,zh-CN,employee,False,1853 Kelly Shores,Joanville,CT,07665,SY
wjones,jennifer14@gmail.com,Tammy,Morrison,zh-CN,employee,True,90749 Paula Mountains Suite 026,Robintown,MO,95522,AT
deborahgreer,williamdavis@yahoo.com,Lindsay,Serrano,pt-BR,contractor,False,401 Edwin Views Suite 823,Jamesstad,NY,98845,MH
stephendiaz,adam71@gmail.com,Amy,Reilly,zh-CN,employee,True,69471 George Mill Apt. 005,Michelleton,PA,60887,GY
blairholly,rsimpson@gmail.com,Kevin,Braun,pt-BR,employee,False,838 Elizabeth Walks Suite 033,South Jacqueline,AZ,93651,VC
jameswilson,woodcassandra@gmail.com,Daniel,Graves,pt-BR,contractor,True,9398 Young Hills Suite 449,East Aaronfort,CO,50031,TH
llopez,kevinroy@gmail.com,Kevin,Powell,zh-CN,partner,True,7237 Ross Views,North Donna,MO,87032,AT
donnacarson,burtonelijah@gmail.com,Samantha,Maddox,en-US,partner,False,16315 Carter Green Suite 005,New Claytonton,SC,22098,KI
stephengarcia,gmorgan@yahoo.com,Elizabeth,Stewart,en-US,employee,False,91401 Watson Divide,Davidshire,MD,58836,PH
carterronald,youngterry@hotmail.com,William,Chavez,pt-BR,employee,True,452 Joshua Islands Apt. 049,South Deborahhaven,MI,08625,JO
waterscole,joshua22@gmail.com,Joseph,Hernandez,pt-BR,employee,False,93434 Acevedo Springs,North Michaelside,OR,09612,KZ
higginsrobert,matthew48@yahoo.com,Matthew,Scott,en-US,employee,True,092 Ayers Village,North Stephanie,MI,95021,KW
nicoleharrison,theresamurphy@yahoo.com,Ashley,Jordan,zh-CN,employee,False,227 Cory Hills Suite 643,Lake Brookeborough,NM,02771,DJ
trevor39,daniel57@hotmail.com,Kathy,Soto,zh-CN,partner,True,915 Matthew Run Suite 574,West Carolchester,PA,79638,NE
amylewis,hayneserica@gmail.com,Larry,Parker,pt-BR,contractor,True,186 Stanley Coves,New Michael,HI,50796,TW
thompsonveronica,emmagilmore@yahoo.com,Jennifer,Gibson,fr-FR,contractor,False,4379 Dana Forks,Olsenside,SD,20715,GH
karaanderson,davidwillis@hotmail.com,Jennifer,Dennis,fr-FR,contractor,True,912 Sherry Via Apt. 913,Ianland,MI,33744,LS
johnsonbrenda,alexis32@hotmail.com,Clinton,Jones,es-ES,contractor,False,94394 Shah Landing,Edwardsview,NC,81287,NR
newtonivan,yorkcharles@hotmail.com,Angel,Jones,en-US,contractor,True,84912 Vasquez Groves,Evelynmouth,MT,66712,PL
trujillorobin,qhorne@hotmail.com,Victoria,Francis,fr-FR,employee,True,9653 Dorothy Walk Suite 717,New Colleen,RI,02623,KM
vanessadean,kylecurtis@hotmail.com,Robert,Howard,en-US,partner,False,4001 Garrett Groves Apt. 635,Bryanmouth,GA,96520,DK
griffinmary,christinawhite@hotmail.com,Tiffany,Nguyen,zh-CN,contractor,True,405 Derek Dale Apt. 904,Rogerstad,MO,49495,GN
tyler20,robersonmeghan@hotmail.com,Charles,Leblanc,en-US,partner,True,2149 April Ridges Apt. 910,Darrenland,FL,47195,VE
watersjennifer,ronaldle@yahoo.com,Tiffany,Rodriguez,pt-BR,employee,False,59660 Francisco Mount,Bridgesville,OR,38395,IN
maurice53,brendamills@hotmail.com,Jay,Chapman,zh-CN,contractor,False,8764 James Parkways,Marshallberg,WY,67067,CF
snyderemma,charles67@yahoo.com,Mary,Mcgee,pt-BR,partner,False,1607 Robinson Stream,Nelsonberg,MS,36792,CR
greed,nnguyen@yahoo.com,Kevin,Fisher,fr-FR,employee,False,330 James Mall Suite 249,South Erica,ID,85776,MG
randyoliver,hendersonangela@hotmail.com,Gary,Norton,fr-FR,contractor,False,2999 Turner Crescent Apt. 546,South Jeffrey,MS,82967,SR
colemanjonathan,eramirez@gmail.com,Robert,Mccall,en-US,employee,True,5804 Krista Pines Suite 637,East Michael,CA,39895,CM
srichardson,msmith@gmail.com,Allison,Noble,en-US,employee,True,3420 Robert Way Apt. 782,Lake Catherinefort,AL,43209,ZM
